﻿Code,Indicator Name,Long definition,Source
EG.ELC.ACCS.ZS,Access to electricity (% of population),"Access to electricity is the percentage of population with access to electricity. Electrification data are collected from industry, national surveys and international sources.","World Bank, Sustainable Energy for all (SE4ALL) database from World Bank, Global Electrification database."
IT.PRT.NEWS.P3,"Daily newspapers (per 1,000 people)","Daily newspapers refer to those published at least four times a week and calculated as average circulation (or copies printed) per 1,000 people.","United Nations Educational, Scientific, and Cultural Organization (UNESCO) Institute for Statistics."
SL.EMP.MPYR.ZS,"Employers, total (% of employment)","Employers refers are those workers who, working on their own account or with one or a few partners, hold the type of jobs defined as a "self-employment jobs" i.e. jobs where the remuneration is directly dependent upon the profits derived from the goods and services produced), and, in this capacity, have engaged, on a continuous basis, one or more persons to work for them as employee(s).",ILO Key Indicators of the Labour Market (KILM).
IT.MLT.MAIN.P2,Fixed telephone subscriptions (per 100 people),"Fixed telephone subscriptions refers to the sum of active number of analogue fixed telephone lines, voice-over-IP (VoIP) subscriptions, fixed wireless local loop (WLL) subscriptions, ISDN voice-channel equivalents and fixed public payphones.","International Telecommunication Union, World Telecommunication/ICT Development Report and database."
SE.PRM.ENRR,"School enrollment, primary (% gross)","Gross enrollment ratio is the ratio of total enrollment, regardless of age, to the population of the age group that officially corresponds to the level of education shown. Primary education provides children with basic reading, writing, and mathematics skills along with an elementary understanding of such subjects as history, geography, natural science, social science, art, and music.","United Nations Educational, Scientific, and Cultural Organization (UNESCO) Institute for Statistics."
SL.EMP.TOTL,"Total employment, total (ages 15+)",Total employment shows the total number employed ages 15 and over.,"International Labour Organization, Key Indicators of the Labour Market database."
IS.VEH.ROAD.K1,Vehicles (per km of road),"Vehicles per kilometer of road include cars, buses, and freight vehicles but do not include two-wheelers. Roads refer to motorways, highways, main or national roads, secondary or regional roads, and other roads. A motorway is a road specially designed and built for motor traffic that separates the traffic flowing in opposite directions.","International Road Federation, World Road Statistics and data files."
IT.NET.USER.P2,Internet users (per 100 people),"Internet users are individuals who have used the Internet (from any location) in the last 12 months. Internet can be used via a computer, mobile phone, personal digital assistant, games machine, digital TV etc.","International Telecommunication Union, World Telecommunication/ICT Development Report and database, and World Bank estimates."
IS.AIR.DPRT,"Air transport, registered carrier departures worldwide",Registered carrier departures worldwide are domestic takeoffs and takeoffs abroad of air carriers registered in the country.,"International Civil Aviation Organization, Civil Aviation Statistics of the World and ICAO staff estimates."
